Workbook

Sheet Daily Data Entry
A1: Athlete | B1: Date | C1: FT:CT | D1: Eccentric Duration (s) | E1: Countermovement Depth (cm) | F1: Relative Peak Power (W/Kg) | G1: Jump Height (cm) | H1: Force @ 0 Velcotiy
A2: Athlete 1 | B2: 45809 | C2: 0.61 | D2: 420 | E2: 26 | F2: 34.9 | G2: 18.8 | H2: 1540
A3: Athlete 1 | B3: 45810
A4: Athlete 1 | B4: 45811
A5: Athlete 1 | B5: 45812
A6: Athlete 1 | B6: 45813
A7: Athlete 1 | B7: 45814
A8: Athlete 1 | B8: 45815
A9: Athlete 1 | B9: 45816
A10: Athlete 1 | B10: 45817
A11: Athlete 1 | B11: 45818
A12: Athlete 2 | B12: 45809
A13: Athlete 2 | B13: 45810
A14: Athlete 2 | B14: 45811
... A31: Athlete 3 | B31: 45818

Sheet Z SCORE 
A1: Date | B1: FT:CT | C1: Eccentric Duration (s) | D1: Countermovement Depth (cm) | E1: Relative Peak Power (N/kg) | F1: Jump Height (cm) | G1: Force @ 0 Velocity | H1: Composite Z Score
A2: 45809 | B2: =STANDARDIZE(Table2[[#This Row],[FT:CT]],'Baseline & Fatigue Flags (2)'!$C$2,'Baseline & Fatigue Flags (2)'!$D$2) -> -0.80579067 | C2: =STANDARDIZE(Table2[[#This Row],[Eccentric Duration (s)]],'Baseline & Fatigue Flags (2)'!$C$3,'Baseline & Fatigue Flags (2)'!$D$3)*-1 -> 0.48666971 | D2: =STANDARDIZE(Table2[[#This Row],[Countermovement Depth (cm) ]],'Baseline & Fatigue Flags (2)'!$C$4,'Baseline & Fatigue Flags (2)'!$D$4) -> -0.36314363 | E2: =STANDARDIZE(Table2[[#This Row],[Relative Peak Power (W/Kg)]],'Baseline & Fatigue Flags (2)'!$C$5,'Baseline & Fatigue Flags (2)'!$D$5) -> -1.2937587 | F2: =STANDARDIZE(Table2[[#This Row],[Jump Height (cm)]],'Baseline & Fatigue Flags (2)'!$C$6,'Baseline & Fatigue Flags (2)'!$D$6) -> -1.8957763 | G2: =STANDARDIZE(Table2[[#This Row],[Force @ 0 Velcotiy ]],'Baseline & Fatigue Flags (2)'!$C$7,'Baseline & Fatigue Flags (2)'!$D$7) -> -1.3279775 | H2: =AVERAGE(Table35[[#This Row],[FT:CT]:[Force @ 0 Velocity ]]) -> -0.86662953
A3: 45810 | B3: =STANDARDIZE(Table2[[#This Row],[FT:CT]],'Baseline & Fatigue Flags (2)'!$C$2,'Baseline & Fatigue Flags (2)'!$D$2) -> -17.190201 | C3: =STANDARDIZE(Table2[[#This Row],[Eccentric Duration (s)]],'Baseline & Fatigue Flags (2)'!$C$3,'Baseline & Fatigue Flags (2)'!$D$3)*-1 -> 19.451737 | D3: =STANDARDIZE(Table2[[#This Row],[Countermovement Depth (cm) ]],'Baseline & Fatigue Flags (2)'!$C$4,'Baseline & Fatigue Flags (2)'!$D$4) -> -13.04607 | E3: =STANDARDIZE(Table2[[#This Row],[Relative Peak Power (W/Kg)]],'Baseline & Fatigue Flags (2)'!$C$5,'Baseline & Fatigue Flags (2)'!$D$5) -> -24.123513 | F3: =STANDARDIZE(Table2[[#This Row],[Jump Height (cm)]],'Baseline & Fatigue Flags (2)'!$C$6,'Baseline & Fatigue Flags (2)'!$D$6) -> -14.726391 | G3: =STANDARDIZE(Table2[[#This Row],[Force @ 0 Velcotiy ]],'Baseline & Fatigue Flags (2)'!$C$7,'Baseline & Fatigue Flags (2)'!$D$7) -> -31.750735 | H3: =AVERAGE(Table35[[#This Row],[FT:CT]:[Force @ 0 Velocity ]]) -> -13.564196
A4: 45811 | B4: =STANDARDIZE(Table2[[#This Row],[FT:CT]],'Baseline & Fatigue Flags (2)'!$C$2,'Baseline & Fatigue Flags (2)'!$D$2) -> -17.190201 | C4: =STANDARDIZE(Table2[[#This Row],[Eccentric Duration (s)]],'Baseline & Fatigue Flags (2)'!$C$3,'Baseline & Fatigue Flags (2)'!$D$3)*-1 -> 19.451737 | D4: =STANDARDIZE(Table2[[#This Row],[Countermovement Depth (cm) ]],'Baseline & Fatigue Flags (2)'!$C$4,'Baseline & Fatigue Flags (2)'!$D$4) -> -13.04607 | E4: =STANDARDIZE(Table2[[#This Row],[Relative Peak Power (W/Kg)]],'Baseline & Fatigue Flags (2)'!$C$5,'Baseline & Fatigue Flags (2)'!$D$5) -> -24.123513 | F4: =STANDARDIZE(Table2[[#This Row],[Jump Height (cm)]],'Baseline & Fatigue Flags (2)'!$C$6,'Baseline & Fatigue Flags (2)'!$D$6) -> -14.726391 | G4: =STANDARDIZE(Table2[[#This Row],[Force @ 0 Velcotiy ]],'Baseline & Fatigue Flags (2)'!$C$7,'Baseline & Fatigue Flags (2)'!$D$7) -> -31.750735 | H4: =AVERAGE(Table35[[#This Row],[FT:CT]:[Force @ 0 Velocity ]]) -> -13.564196
A5: 45812 | B5: =STANDARDIZE(Table2[[#This Row],[FT:CT]],'Baseline & Fatigue Flags (2)'!$C$2,'Baseline & Fatigue Flags (2)'!$D$2) -> -17.190201 | C5: =STANDARDIZE(Table2[[#This Row],[Eccentric Duration (s)]],'Baseline & Fatigue Flags (2)'!$C$3,'Baseline & Fatigue Flags (2)'!$D$3)*-1 -> 19.451737 | D5: =STANDARDIZE(Table2[[#This Row],[Countermovement Depth (cm) ]],'Baseline & Fatigue Flags (2)'!$C$4,'Baseline & Fatigue Flags (2)'!$D$4) -> -13.04607 | E5: =STANDARDIZE(Table2[[#This Row],[Relative Peak Power (W/Kg)]],'Baseline & Fatigue Flags (2)'!$C$5,'Baseline & Fatigue Flags (2)'!$D$5) -> -24.123513 | F5: =STANDARDIZE(Table2[[#This Row],[Jump Height (cm)]],'Baseline & Fatigue Flags (2)'!$C$6,'Baseline & Fatigue Flags (2)'!$D$6) -> -14.726391 | G5: =STANDARDIZE(Table2[[#This Row],[Force @ 0 Velcotiy ]],'Baseline & Fatigue Flags (2)'!$C$7,'Baseline & Fatigue Flags (2)'!$D$7) -> -31.750735 | H5: =AVERAGE(Table35[[#This Row],[FT:CT]:[Force @ 0 Velocity ]]) -> -13.564196
A6: 45813 | B6: =STANDARDIZE(Table2[[#This Row],[FT:CT]],'Baseline & Fatigue Flags (2)'!$C$2,'Baseline & Fatigue Flags (2)'!$D$2) -> -17.190201 | C6: =STANDARDIZE(Table2[[#This Row],[Eccentric Duration (s)]],'Baseline & Fatigue Flags (2)'!$C$3,'Baseline & Fatigue Flags (2)'!$D$3)*-1 -> 19.451737 | D6: =STANDARDIZE(Table2[[#This Row],[Countermovement Depth (cm) ]],'Baseline & Fatigue Flags (2)'!$C$4,'Baseline & Fatigue Flags (2)'!$D$4) -> -13.04607 | E6: =STANDARDIZE(Table2[[#This Row],[Relative Peak Power (W/Kg)]],'Baseline & Fatigue Flags (2)'!$C$5,'Baseline & Fatigue Flags (2)'!$D$5) -> -24.123513 | F6: =STANDARDIZE(Table2[[#This Row],[Jump Height (cm)]],'Baseline & Fatigue Flags (2)'!$C$6,'Baseline & Fatigue Flags (2)'!$D$6) -> -14.726391 | G6: =STANDARDIZE(Table2[[#This Row],[Force @ 0 Velcotiy ]],'Baseline & Fatigue Flags (2)'!$C$7,'Baseline & Fatigue Flags (2)'!$D$7) -> -31.750735 | H6: =AVERAGE(Table35[[#This Row],[FT:CT]:[Force @ 0 Velocity ]]) -> -13.564196
A7: 45814 | B7: =STANDARDIZE(Table2[[#This Row],[FT:CT]],'Baseline & Fatigue Flags (2)'!$C$2,'Baseline & Fatigue Flags (2)'!$D$2) -> -17.190201 | C7: =STANDARDIZE(Table2[[#This Row],[Eccentric Duration (s)]],'Baseline & Fatigue Flags (2)'!$C$3,'Baseline & Fatigue Flags (2)'!$D$3)*-1 -> 19.451737 | D7: =STANDARDIZE(Table2[[#This Row],[Countermovement Depth (cm) ]],'Baseline & Fatigue Flags (2)'!$C$4,'Baseline & Fatigue Flags (2)'!$D$4) -> -13.04607 | E7: =STANDARDIZE(Table2[[#This Row],[Relative Peak Power (W/Kg)]],'Baseline & Fatigue Flags (2)'!$C$5,'Baseline & Fatigue Flags (2)'!$D$5) -> -24.123513 | F7: =STANDARDIZE(Table2[[#This Row],[Jump Height (cm)]],'Baseline & Fatigue Flags (2)'!$C$6,'Baseline & Fatigue Flags (2)'!$D$6) -> -14.726391 | G7: =STANDARDIZE(Table2[[#This Row],[Force @ 0 Velcotiy ]],'Baseline & Fatigue Flags (2)'!$C$7,'Baseline & Fatigue Flags (2)'!$D$7) -> -31.750735 | H7: =AVERAGE(Table35[[#This Row],[FT:CT]:[Force @ 0 Velocity ]]) -> -13.564196
A8: 45815 | B8: =STANDARDIZE(Table2[[#This Row],[FT:CT]],'Baseline & Fatigue Flags (2)'!$C$2,'Baseline & Fatigue Flags (2)'!$D$2) -> -17.190201 | C8: =STANDARDIZE(Table2[[#This Row],[Eccentric Duration (s)]],'Baseline & Fatigue Flags (2)'!$C$3,'Baseline & Fatigue Flags (2)'!$D$3)*-1 -> 19.451737 | D8: =STANDARDIZE(Table2[[#This Row],[Countermovement Depth (cm) ]],'Baseline & Fatigue Flags (2)'!$C$4,'Baseline & Fatigue Flags (2)'!$D$4) -> -13.04607 | E8: =STANDARDIZE(Table2[[#This Row],[Relative Peak Power (W/Kg)]],'Baseline & Fatigue Flags (2)'!$C$5,'Baseline & Fatigue Flags (2)'!$D$5) -> -24.123513 | F8: =STANDARDIZE(Table2[[#This Row],[Jump Height (cm)]],'Baseline & Fatigue Flags (2)'!$C$6,'Baseline & Fatigue Flags (2)'!$D$6) -> -14.726391 | G8: =STANDARDIZE(Table2[[#This Row],[Force @ 0 Velcotiy ]],'Baseline & Fatigue Flags (2)'!$C$7,'Baseline & Fatigue Flags (2)'!$D$7) -> -31.750735 | H8: =AVERAGE(Table35[[#This Row],[FT:CT]:[Force @ 0 Velocity ]]) -> -13.564196
A9: 45816 | B9: =STANDARDIZE(Table2[[#This Row],[FT:CT]],'Baseline & Fatigue Flags (2)'!$C$2,'Baseline & Fatigue Flags (2)'!$D$2) -> -17.190201 | C9: =STANDARDIZE(Table2[[#This Row],[Eccentric Duration (s)]],'Baseline & Fatigue Flags (2)'!$C$3,'Baseline & Fatigue Flags (2)'!$D$3)*-1 -> 19.451737 | D9: =STANDARDIZE(Table2[[#This Row],[Countermovement Depth (cm) ]],'Baseline & Fatigue Flags (2)'!$C$4,'Baseline & Fatigue Flags (2)'!$D$4) -> -13.04607 | E9: =STANDARDIZE(Table2[[#This Row],[Relative Peak Power (W/Kg)]],'Baseline & Fatigue Flags (2)'!$C$5,'Baseline & Fatigue Flags (2)'!$D$5) -> -24.123513 | F9: =STANDARDIZE(Table2[[#This Row],[Jump Height (cm)]],'Baseline & Fatigue Flags (2)'!$C$6,'Baseline & Fatigue Flags (2)'!$D$6) -> -14.726391 | G9: =STANDARDIZE(Table2[[#This Row],[Force @ 0 Velcotiy ]],'Baseline & Fatigue Flags (2)'!$C$7,'Baseline & Fatigue Flags (2)'!$D$7) -> -31.750735 | H9: =AVERAGE(Table35[[#This Row],[FT:CT]:[Force @ 0 Velocity ]]) -> -13.564196
A10: 45817 | B10: =STANDARDIZE(Table2[[#This Row],[FT:CT]],'Baseline & Fatigue Flags (2)'!$C$2,'Baseline & Fatigue Flags (2)'!$D$2) -> -17.190201 | C10: =STANDARDIZE(Table2[[#This Row],[Eccentric Duration (s)]],'Baseline & Fatigue Flags (2)'!$C$3,'Baseline & Fatigue Flags (2)'!$D$3)*-1 -> 19.451737 | D10: =STANDARDIZE(Table2[[#This Row],[Countermovement Depth (cm) ]],'Baseline & Fatigue Flags (2)'!$C$4,'Baseline & Fatigue Flags (2)'!$D$4) -> -13.04607 | E10: =STANDARDIZE(Table2[[#This Row],[Relative Peak Power (W/Kg)]],'Baseline & Fatigue Flags (2)'!$C$5,'Baseline & Fatigue Flags (2)'!$D$5) -> -24.123513 | F10: =STANDARDIZE(Table2[[#This Row],[Jump Height (cm)]],'Baseline & Fatigue Flags (2)'!$C$6,'Baseline & Fatigue Flags (2)'!$D$6) -> -14.726391 | G10: =STANDARDIZE(Table2[[#This Row],[Force @ 0 Velcotiy ]],'Baseline & Fatigue Flags (2)'!$C$7,'Baseline & Fatigue Flags (2)'!$D$7) -> -31.750735 | H10: =AVERAGE(Table35[[#This Row],[FT:CT]:[Force @ 0 Velocity ]]) -> -13.564196
A11: 45818 | B11: =STANDARDIZE(Table2[[#This Row],[FT:CT]],'Baseline & Fatigue Flags (2)'!$C$2,'Baseline & Fatigue Flags (2)'!$D$2) -> -17.190201 | C11: =STANDARDIZE(Table2[[#This Row],[Eccentric Duration (s)]],'Baseline & Fatigue Flags (2)'!$C$3,'Baseline & Fatigue Flags (2)'!$D$3)*-1 -> 19.451737 | D11: =STANDARDIZE(Table2[[#This Row],[Countermovement Depth (cm) ]],'Baseline & Fatigue Flags (2)'!$C$4,'Baseline & Fatigue Flags (2)'!$D$4) -> -13.04607 | E11: =STANDARDIZE(Table2[[#This Row],[Relative Peak Power (W/Kg)]],'Baseline & Fatigue Flags (2)'!$C$5,'Baseline & Fatigue Flags (2)'!$D$5) -> -24.123513 | F11: =STANDARDIZE(Table2[[#This Row],[Jump Height (cm)]],'Baseline & Fatigue Flags (2)'!$C$6,'Baseline & Fatigue Flags (2)'!$D$6) -> -14.726391 | G11: =STANDARDIZE(Table2[[#This Row],[Force @ 0 Velcotiy ]],'Baseline & Fatigue Flags (2)'!$C$7,'Baseline & Fatigue Flags (2)'!$D$7) -> -31.750735 | H11: =AVERAGE(Table35[[#This Row],[FT:CT]:[Force @ 0 Velocity ]]) -> -13.564196
A12: 45809 | B12: =STANDARDIZE(Table2[[#This Row],[FT:CT]],'Baseline & Fatigue Flags (2)'!$C$2,'Baseline & Fatigue Flags (2)'!$D$2) -> -17.190201 | C12: =STANDARDIZE(Table2[[#This Row],[Eccentric Duration (s)]],'Baseline & Fatigue Flags (2)'!$C$3,'Baseline & Fatigue Flags (2)'!$D$3)*-1 -> 19.451737 | D12: =STANDARDIZE(Table2[[#This Row],[Countermovement Depth (cm) ]],'Baseline & Fatigue Flags (2)'!$C$4,'Baseline & Fatigue Flags (2)'!$D$4) -> -13.04607 | E12: =STANDARDIZE(Table2[[#This Row],[Relative Peak Power (W/Kg)]],'Baseline & Fatigue Flags (2)'!$C$5,'Baseline & Fatigue Flags (2)'!$D$5) -> -24.123513 | F12: =STANDARDIZE(Table2[[#This Row],[Jump Height (cm)]],'Baseline & Fatigue Flags (2)'!$C$6,'Baseline & Fatigue Flags (2)'!$D$6) -> -14.726391 | G12: =STANDARDIZE(Table2[[#This Row],[Force @ 0 Velcotiy ]],'Baseline & Fatigue Flags (2)'!$C$7,'Baseline & Fatigue Flags (2)'!$D$7) -> -31.750735 | H12: =AVERAGE(Table35[[#This Row],[FT:CT]:[Force @ 0 Velocity ]]) -> -13.564196
A13: 45810 | B13: =STANDARDIZE(Table2[[#This Row],[FT:CT]],'Baseline & Fatigue Flags (2)'!$C$2,'Baseline & Fatigue Flags (2)'!$D$2) -> -17.190201 | C13: =STANDARDIZE(Table2[[#This Row],[Eccentric Duration (s)]],'Baseline & Fatigue Flags (2)'!$C$3,'Baseline & Fatigue Flags (2)'!$D$3)*-1 -> 19.451737 | D13: =STANDARDIZE(Table2[[#This Row],[Countermovement Depth (cm) ]],'Baseline & Fatigue Flags (2)'!$C$4,'Baseline & Fatigue Flags (2)'!$D$4) -> -13.04607 | E13: =STANDARDIZE(Table2[[#This Row],[Relative Peak Power (W/Kg)]],'Baseline & Fatigue Flags (2)'!$C$5,'Baseline & Fatigue Flags (2)'!$D$5) -> -24.123513 | F13: =STANDARDIZE(Table2[[#This Row],[Jump Height (cm)]],'Baseline & Fatigue Flags (2)'!$C$6,'Baseline & Fatigue Flags (2)'!$D$6) -> -14.726391 | G13: =STANDARDIZE(Table2[[#This Row],[Force @ 0 Velcotiy ]],'Baseline & Fatigue Flags (2)'!$C$7,'Baseline & Fatigue Flags (2)'!$D$7) -> -31.750735 | H13: =AVERAGE(Table35[[#This Row],[FT:CT]:[Force @ 0 Velocity ]]) -> -13.564196
... A21: 45818 | B21: =STANDARDIZE(Table2[[#This Row],[FT:CT]],'Baseline & Fatigue Flags (2)'!$C$2,'Baseline & Fatigue Flags (2)'!$D$2) -> -17.190201 | C21: =STANDARDIZE(Table2[[#This Row],[Eccentric Duration (s)]],'Baseline & Fatigue Flags (2)'!$C$3,'Baseline & Fatigue Flags (2)'!$D$3)*-1 -> 19.451737 | D21: =STANDARDIZE(Table2[[#This Row],[Countermovement Depth (cm) ]],'Baseline & Fatigue Flags (2)'!$C$4,'Baseline & Fatigue Flags (2)'!$D$4) -> -13.04607 | E21: =STANDARDIZE(Table2[[#This Row],[Relative Peak Power (W/Kg)]],'Baseline & Fatigue Flags (2)'!$C$5,'Baseline & Fatigue Flags (2)'!$D$5) -> -24.123513 | F21: =STANDARDIZE(Table2[[#This Row],[Jump Height (cm)]],'Baseline & Fatigue Flags (2)'!$C$6,'Baseline & Fatigue Flags (2)'!$D$6) -> -14.726391 | G21: =STANDARDIZE(Table2[[#This Row],[Force @ 0 Velcotiy ]],'Baseline & Fatigue Flags (2)'!$C$7,'Baseline & Fatigue Flags (2)'!$D$7) -> -31.750735 | H21: =AVERAGE(Table35[[#This Row],[FT:CT]:[Force @ 0 Velocity ]]) -> -13.564196

Sheet Daily Change 
A1: Date | B1: FT:CT | C1: Eccentric Duration (s) | D1: Countermovement Depth (cm) | E1: Relative Peak Power (N/kg) | F1: Jump Height (cm) | G1: Force @ 0 Velocity
A2: 45809 | B2: =Table2[[#This Row],[FT:CT]]-'Baseline & Fatigue Flags (2)'!$C$2 -> -0.03 | C2: =Table2[[#This Row],[Eccentric Duration (s)]]-'Baseline & Fatigue Flags (2)'!$C$3 -> -10.777778 | D2: =Table2[[#This Row],[Countermovement Depth (cm) ]]-'Baseline & Fatigue Flags (2)'!$C$4 -> -0.74444444 | E2: =Table2[[#This Row],[Relative Peak Power (W/Kg)]]-'Baseline & Fatigue Flags (2)'!$C$5 -> -1.9777778 | F2: =Table2[[#This Row],[Jump Height (cm)]]-'Baseline & Fatigue Flags (2)'!$C$6 -> -2.7777778 | G2: =Table2[[#This Row],[Force @ 0 Velcotiy ]]-'Baseline & Fatigue Flags (2)'!$C$7 -> -67.222222
A3: 45810 | B3: =Table2[[#This Row],[FT:CT]]-'Baseline & Fatigue Flags (2)'!$C$2 -> -0.64 | C3: =Table2[[#This Row],[Eccentric Duration (s)]]-'Baseline & Fatigue Flags (2)'!$C$3 -> -430.77778 | D3: =Table2[[#This Row],[Countermovement Depth (cm) ]]-'Baseline & Fatigue Flags (2)'!$C$4 -> -26.744444 | E3: =Table2[[#This Row],[Relative Peak Power (W/Kg)]]-'Baseline & Fatigue Flags (2)'!$C$5 -> -36.877778 | F3: =Table2[[#This Row],[Jump Height (cm)]]-'Baseline & Fatigue Flags (2)'!$C$6 -> -21.577778 | G3: =Table2[[#This Row],[Force @ 0 Velcotiy ]]-'Baseline & Fatigue Flags (2)'!$C$7 -> -1607.2222
A4: 45811 | B4: =Table2[[#This Row],[FT:CT]]-'Baseline & Fatigue Flags (2)'!$C$2 -> -0.64 | C4: =Table2[[#This Row],[Eccentric Duration (s)]]-'Baseline & Fatigue Flags (2)'!$C$3 -> -430.77778 | D4: =Table2[[#This Row],[Countermovement Depth (cm) ]]-'Baseline & Fatigue Flags (2)'!$C$4 -> -26.744444 | E4: =Table2[[#This Row],[Relative Peak Power (W/Kg)]]-'Baseline & Fatigue Flags (2)'!$C$5 -> -36.877778 | F4: =Table2[[#This Row],[Jump Height (cm)]]-'Baseline & Fatigue Flags (2)'!$C$6 -> -21.577778 | G4: =Table2[[#This Row],[Force @ 0 Velcotiy ]]-'Baseline & Fatigue Flags (2)'!$C$7 -> -1607.2222
A5: 45812 | B5: =Table2[[#This Row],[FT:CT]]-'Baseline & Fatigue Flags (2)'!$C$2 -> -0.64 | C5: =Table2[[#This Row],[Eccentric Duration (s)]]-'Baseline & Fatigue Flags (2)'!$C$3 -> -430.77778 | D5: =Table2[[#This Row],[Countermovement Depth (cm) ]]-'Baseline & Fatigue Flags (2)'!$C$4 -> -26.744444 | E5: =Table2[[#This Row],[Relative Peak Power (W/Kg)]]-'Baseline & Fatigue Flags (2)'!$C$5 -> -36.877778 | F5: =Table2[[#This Row],[Jump Height (cm)]]-'Baseline & Fatigue Flags (2)'!$C$6 -> -21.577778 | G5: =Table2[[#This Row],[Force @ 0 Velcotiy ]]-'Baseline & Fatigue Flags (2)'!$C$7 -> -1607.2222
A6: 45813 | B6: =Table2[[#This Row],[FT:CT]]-'Baseline & Fatigue Flags (2)'!$C$2 -> -0.64 | C6: =Table2[[#This Row],[Eccentric Duration (s)]]-'Baseline & Fatigue Flags (2)'!$C$3 -> -430.77778 | D6: =Table2[[#This Row],[Countermovement Depth (cm) ]]-'Baseline & Fatigue Flags (2)'!$C$4 -> -26.744444 | E6: =Table2[[#This Row],[Relative Peak Power (W/Kg)]]-'Baseline & Fatigue Flags (2)'!$C$5 -> -36.877778 | F6: =Table2[[#This Row],[Jump Height (cm)]]-'Baseline & Fatigue Flags (2)'!$C$6 -> -21.577778 | G6: =Table2[[#This Row],[Force @ 0 Velcotiy ]]-'Baseline & Fatigue Flags (2)'!$C$7 -> -1607.2222
A7: 45814 | B7: =Table2[[#This Row],[FT:CT]]-'Baseline & Fatigue Flags (2)'!$C$2 -> -0.64 | C7: =Table2[[#This Row],[Eccentric Duration (s)]]-'Baseline & Fatigue Flags (2)'!$C$3 -> -430.77778 | D7: =Table2[[#This Row],[Countermovement Depth (cm) ]]-'Baseline & Fatigue Flags (2)'!$C$4 -> -26.744444 | E7: =Table2[[#This Row],[Relative Peak Power (W/Kg)]]-'Baseline & Fatigue Flags (2)'!$C$5 -> -36.877778 | F7: =Table2[[#This Row],[Jump Height (cm)]]-'Baseline & Fatigue Flags (2)'!$C$6 -> -21.577778 | G7: =Table2[[#This Row],[Force @ 0 Velcotiy ]]-'Baseline & Fatigue Flags (2)'!$C$7 -> -1607.2222
A8: 45815 | B8: =Table2[[#This Row],[FT:CT]]-'Baseline & Fatigue Flags (2)'!$C$2 -> -0.64 | C8: =Table2[[#This Row],[Eccentric Duration (s)]]-'Baseline & Fatigue Flags (2)'!$C$3 -> -430.77778 | D8: =Table2[[#This Row],[Countermovement Depth (cm) ]]-'Baseline & Fatigue Flags (2)'!$C$4 -> -26.744444 | E8: =Table2[[#This Row],[Relative Peak Power (W/Kg)]]-'Baseline & Fatigue Flags (2)'!$C$5 -> -36.877778 | F8: =Table2[[#This Row],[Jump Height (cm)]]-'Baseline & Fatigue Flags (2)'!$C$6 -> -21.577778 | G8: =Table2[[#This Row],[Force @ 0 Velcotiy ]]-'Baseline & Fatigue Flags (2)'!$C$7 -> -1607.2222
A9: 45816 | B9: =Table2[[#This Row],[FT:CT]]-'Baseline & Fatigue Flags (2)'!$C$2 -> -0.64 | C9: =Table2[[#This Row],[Eccentric Duration (s)]]-'Baseline & Fatigue Flags (2)'!$C$3 -> -430.77778 | D9: =Table2[[#This Row],[Countermovement Depth (cm) ]]-'Baseline & Fatigue Flags (2)'!$C$4 -> -26.744444 | E9: =Table2[[#This Row],[Relative Peak Power (W/Kg)]]-'Baseline & Fatigue Flags (2)'!$C$5 -> -36.877778 | F9: =Table2[[#This Row],[Jump Height (cm)]]-'Baseline & Fatigue Flags (2)'!$C$6 -> -21.577778 | G9: =Table2[[#This Row],[Force @ 0 Velcotiy ]]-'Baseline & Fatigue Flags (2)'!$C$7 -> -1607.2222
A10: 45817 | B10: =Table2[[#This Row],[FT:CT]]-'Baseline & Fatigue Flags (2)'!$C$2 -> -0.64 | C10: =Table2[[#This Row],[Eccentric Duration (s)]]-'Baseline & Fatigue Flags (2)'!$C$3 -> -430.77778 | D10: =Table2[[#This Row],[Countermovement Depth (cm) ]]-'Baseline & Fatigue Flags (2)'!$C$4 -> -26.744444 | E10: =Table2[[#This Row],[Relative Peak Power (W/Kg)]]-'Baseline & Fatigue Flags (2)'!$C$5 -> -36.877778 | F10: =Table2[[#This Row],[Jump Height (cm)]]-'Baseline & Fatigue Flags (2)'!$C$6 -> -21.577778 | G10: =Table2[[#This Row],[Force @ 0 Velcotiy ]]-'Baseline & Fatigue Flags (2)'!$C$7 -> -1607.2222
A11: 45818 | B11: =Table2[[#This Row],[FT:CT]]-'Baseline & Fatigue Flags (2)'!$C$2 -> -0.64 | C11: =Table2[[#This Row],[Eccentric Duration (s)]]-'Baseline & Fatigue Flags (2)'!$C$3 -> -430.77778 | D11: =Table2[[#This Row],[Countermovement Depth (cm) ]]-'Baseline & Fatigue Flags (2)'!$C$4 -> -26.744444 | E11: =Table2[[#This Row],[Relative Peak Power (W/Kg)]]-'Baseline & Fatigue Flags (2)'!$C$5 -> -36.877778 | F11: =Table2[[#This Row],[Jump Height (cm)]]-'Baseline & Fatigue Flags (2)'!$C$6 -> -21.577778 | G11: =Table2[[#This Row],[Force @ 0 Velcotiy ]]-'Baseline & Fatigue Flags (2)'!$C$7 -> -1607.2222
A12: 45809 | B12: =Table2[[#This Row],[FT:CT]]-'Baseline & Fatigue Flags (2)'!$C$2 -> -0.64 | C12: =Table2[[#This Row],[Eccentric Duration (s)]]-'Baseline & Fatigue Flags (2)'!$C$3 -> -430.77778 | D12: =Table2[[#This Row],[Countermovement Depth (cm) ]]-'Baseline & Fatigue Flags (2)'!$C$4 -> -26.744444 | E12: =Table2[[#This Row],[Relative Peak Power (W/Kg)]]-'Baseline & Fatigue Flags (2)'!$C$5 -> -36.877778 | F12: =Table2[[#This Row],[Jump Height (cm)]]-'Baseline & Fatigue Flags (2)'!$C$6 -> -21.577778 | G12: =Table2[[#This Row],[Force @ 0 Velcotiy ]]-'Baseline & Fatigue Flags (2)'!$C$7 -> -1607.2222
A13: 45810 | B13: =Table2[[#This Row],[FT:CT]]-'Baseline & Fatigue Flags (2)'!$C$2 -> -0.64 | C13: =Table2[[#This Row],[Eccentric Duration (s)]]-'Baseline & Fatigue Flags (2)'!$C$3 -> -430.77778 | D13: =Table2[[#This Row],[Countermovement Depth (cm) ]]-'Baseline & Fatigue Flags (2)'!$C$4 -> -26.744444 | E13: =Table2[[#This Row],[Relative Peak Power (W/Kg)]]-'Baseline & Fatigue Flags (2)'!$C$5 -> -36.877778 | F13: =Table2[[#This Row],[Jump Height (cm)]]-'Baseline & Fatigue Flags (2)'!$C$6 -> -21.577778 | G13: =Table2[[#This Row],[Force @ 0 Velcotiy ]]-'Baseline & Fatigue Flags (2)'!$C$7 -> -1607.2222
... A21: 45818 | B21: =Table2[[#This Row],[FT:CT]]-'Baseline & Fatigue Flags (2)'!$C$2 -> -0.64 | C21: =Table2[[#This Row],[Eccentric Duration (s)]]-'Baseline & Fatigue Flags (2)'!$C$3 -> -430.77778 | D21: =Table2[[#This Row],[Countermovement Depth (cm) ]]-'Baseline & Fatigue Flags (2)'!$C$4 -> -26.744444 | E21: =Table2[[#This Row],[Relative Peak Power (W/Kg)]]-'Baseline & Fatigue Flags (2)'!$C$5 -> -36.877778 | F21: =Table2[[#This Row],[Jump Height (cm)]]-'Baseline & Fatigue Flags (2)'!$C$6 -> -21.577778 | G21: =Table2[[#This Row],[Force @ 0 Velcotiy ]]-'Baseline & Fatigue Flags (2)'!$C$7 -> -1607.2222

Sheet Raw
A1: Athlete 1 | B1: FT:CT | E1: Eccentric Duration (s) | G1: Countermovemnt Depth (cm) | J1: Relative Peak Power (N/kg) | L1: Jump Height (cm) | N1: Force @ 0 Velocity
B2: 0.63 | C2: =STDEV(B2:B10) -> 0.037230513 | E2: 451 | F2: =STDEV(E2:E10) -> 22.14598 | G2: 28.1 | H2: =STDEV(G2:G10) -> 2.0549398 | J2: 36.6 | K2: =STDEV(J2:J10) -> 1.5287068 | L2: 22 | M2: =STDEV(L2:L10) -> 1.4652455 | N2: 1681 | O2: =STDEV(N2:N10) -> 50.620593
B3: 0.61 | E3: 432 | G3: 29.5 | J3: 35.5 | L3: 21.8 | N3: 1629
B4: 0.65 | C4: =AVERAGE(B2:B10) -> 0.64111111 | E4: 416 | F4: =AVERAGE(E2:E10) -> 430.77778 | G4: 26.8 | H4: =AVERAGE(G2:G10) -> 26.744444 | J4: 38.7 | K4: =AVERAGE(J2:J10) -> 36.877778 | L4: 24.2 | M4: =AVERAGE(L2:L10) -> 21.577778 | N4: 1627 | O4: =AVERAGE(N2:N10) -> 1607.2222
B5: 0.69 | E5: 398 | G5: 23.1 | J5: 38.2 | L5: 22.1 | N5: 1569
B6: 0.61 | E6: 459 | G6: 27.1 | J6: 38.6 | L6: 21.5 | N6: 1518
B7: 0.65 | E7: 420 | G7: 27.2 | J7: 37.7 | L7: 22.1 | N7: 1576
B8: 0.66 | E8: 429 | G8: 28.5 | J8: 34.6 | L8: 19.3 | N8: 1585
B9: 0.69 | E9: 411 | G9: 26.4 | J9: 36.8 | L9: 21.7 | N9: 1664
B10: 0.58 | E10: 461 | G10: 24 | J10: 35.2 | L10: 19.5 | N10: 1616
A13: Athlete 2 | B13: 0.8 | E13: 481 | G13: 35 | J13: 54.3 | L13: 37 | N13: 1647
A24: Athlete 3 | B24: 0.8 | E24: 476 | G24: 40 | J24: 55.7 | L24: 40.7 | N24: 1486

Sheet Baseline & Fatigue Flags (2)
A1: Athlete | B1: Metric | C1: Mean | D1: SD | E1: CV Threshold | F1: SWC Threshold
A2: Athlete 1 | B2: FT:CT | C2: 0.64 | D2: 0.037230513 | E2: =D2/C2 -> 0.058172677 | F2: =0.2*D2 -> 0.0074461026
B3: Eccentric Duration (ms) | C3: 430.77778 | D3: 22.14598 | E3: =D3/C3 -> 0.051409291 | F3: =0.2*D3 -> 4.4291961
B4: Countermovemnt Depth (cm) | C4: 26.744444 | D4: 2.05 | E4: =D4/C4 -> 0.076651433 | F4: =0.2*D4 -> 0.41
B5: Relative Peak Power (N/kg) | C5: 36.877778 | D5: 1.5287068 | E5: =D5/C5 -> 0.041453333 | F5: =0.2*D5 -> 0.30574136
B6: Jump Height (cm) | C6: 21.577778 | D6: 1.4652455 | E6: =D6/C6 -> 0.067905302 | F6: =0.2*D6 -> 0.2930491
B7: Force @ 0 Velocity | C7: 1607.2222 | D7: 50.62 | E7: =D7/C7 -> 0.031495334 | F7: =0.2*D7 -> 10.124
A8: Athlete 2 | B8: FT:CT
B9: Eccentric Duration (ms)
B10: Countermovemnt Depth (cm)
B11: Relative Peak Power (N/kg)
B12: Jump Height (cm)
B13: Force @ 0 Velocity
A14: Athlete 3 | B14: FT:CT
B15: Eccentric Duration (ms)
B16: Countermovemnt Depth (cm)
B17: Relative Peak Power (N/kg)
B18: Jump Height (cm)
B19: Force @ 0 Velocity

Sheet Dashboard 
C1: FT:CT | D1: Eccentric Duration | E1: Countermovement Depth (cm) | F1: Relative Peak Power | G1: Jump Height | H1: Force @ 0 Velocity | I1: Helper | J1: FT:CT | K1: Eccentric Duration | L1: Countermovement Depth | M1: Relative Peak Power | N1: Jump Height | O1: Force @ 0 Velocity
A2: Select Athlete: | B2: Athlete 1 | C2: {=IFERROR( INDEX('Daily Data Entry'!C2:C109, MATCH(1, ('Daily Data Entry'!$A$2:$A$109=B2) * ('Daily Data Entry'!$B$2:$B$109=B3), 0) ), "")} -> 0.61 | D2: {=IFERROR(INDEX('Daily Data Entry'!D2:D109, MATCH(1, ('Daily Data Entry'!$A$2:$A$109=B2)*('Daily Data Entry'!$B$2:$B$109=B3), 0)), "")} -> 420 | E2: {=IFERROR(INDEX('Daily Data Entry'!E2:E109, MATCH(1, ('Daily Data Entry'!$A$2:$A$109=B2)*('Daily Data Entry'!$B$2:$B$109=B3), 0)), "")} -> 26 | F2: {=IFERROR(INDEX('Daily Data Entry'!F2:F109, MATCH(1, ('Daily Data Entry'!$A$2:$A$109=B2)*('Daily Data Entry'!$B$2:$B$109=B3), 0)), "")} -> 34.9 | G2: {=IFERROR(INDEX('Daily Data Entry'!G2:G109, MATCH(1, ('Daily Data Entry'!$A$2:$A$109=B2)*('Daily Data Entry'!$B$2:$B$109=B3), 0)), "")} -> 18.8 | H2: {=IFERROR(INDEX('Daily Data Entry'!H2:H109, MATCH(1, ('Daily Data Entry'!$A$2:$A$109=B2)*('Daily Data Entry'!$B$2:$B$109=B3), 0)), "")} -> 1540 | J2: =IFERROR(INDEX('Baseline & Fatigue Flags (2)'!$C$2:$C$19, MATCH($B$2,'Baseline & Fatigue Flags (2)'!$A$2:$A$19,0)+0),"") -> 0.64 | K2: =IFERROR(INDEX('Baseline & Fatigue Flags (2)'!$C$2:$C$19, MATCH($B$2,'Baseline & Fatigue Flags (2)'!$A$2:$A$19,0)+1),"") -> 430.77778 | L2: =IFERROR(INDEX('Baseline & Fatigue Flags (2)'!$C$2:$C$19, MATCH($B$2,'Baseline & Fatigue Flags (2)'!$A$2:$A$19,0)+2),"") -> 26.744444 | M2: =IFERROR(INDEX('Baseline & Fatigue Flags (2)'!$C$2:$C$19, MATCH($B$2,'Baseline & Fatigue Flags (2)'!$A$2:$A$19,0)+3),"") -> 36.877778 | N2: =IFERROR(INDEX('Baseline & Fatigue Flags (2)'!$C$2:$C$19, MATCH($B$2,'Baseline & Fatigue Flags (2)'!$A$2:$A$19,0)+4),"") -> 21.577778 | O2: =IFERROR(INDEX('Baseline & Fatigue Flags (2)'!$C$2:$C$19, MATCH($B$2,'Baseline & Fatigue Flags (2)'!$A$2:$A$19,0)+5),"") -> 1607.2222
A3: Select Date: | B3: 45809 | J3: =IFERROR(INDEX('Baseline & Fatigue Flags (2)'!$E$2:$E$19, MATCH($B$2,'Baseline & Fatigue Flags (2)'!$A$2:$A$19,0)+0),"") -> 0.058172677 | K3: =IFERROR(INDEX('Baseline & Fatigue Flags (2)'!$E$2:$E$19, MATCH($B$2,'Baseline & Fatigue Flags (2)'!$A$2:$A$19,0)+1),"") -> 0.051409291 | L3: =IFERROR(INDEX('Baseline & Fatigue Flags (2)'!$E$2:$E$19, MATCH($B$2,'Baseline & Fatigue Flags (2)'!$A$2:$A$19,0)+2),"") -> 0.076651433 | M3: =IFERROR(INDEX('Baseline & Fatigue Flags (2)'!$E$2:$E$19, MATCH($B$2,'Baseline & Fatigue Flags (2)'!$A$2:$A$19,0)+3),"") -> 0.041453333 | N3: =IFERROR(INDEX('Baseline & Fatigue Flags (2)'!$E$2:$E$19, MATCH($B$2,'Baseline & Fatigue Flags (2)'!$A$2:$A$19,0)+4),"") -> 0.067905302 | O3: =IFERROR(INDEX('Baseline & Fatigue Flags (2)'!$E$2:$E$19, MATCH($B$2,'Baseline & Fatigue Flags (2)'!$A$2:$A$19,0)+5),"") -> 0.031495334
J4: =IFERROR(INDEX('Baseline & Fatigue Flags (2)'!$D$2:$D$19, MATCH($B$2,'Baseline & Fatigue Flags (2)'!$A$2:$A$19,0)+0),"") -> 0.037230513 | K4: =IFERROR(INDEX('Baseline & Fatigue Flags (2)'!$D$2:$D$19, MATCH($B$2,'Baseline & Fatigue Flags (2)'!$A$2:$A$19,0)+1),"") -> 22.14598 | L4: =IFERROR(INDEX('Baseline & Fatigue Flags (2)'!$D$2:$D$19, MATCH($B$2,'Baseline & Fatigue Flags (2)'!$A$2:$A$19,0)+2),"") -> 2.05 | M4: =IFERROR(INDEX('Baseline & Fatigue Flags (2)'!$D$2:$D$19, MATCH($B$2,'Baseline & Fatigue Flags (2)'!$A$2:$A$19,0)+3),"") -> 1.5287068 | N4: =IFERROR(INDEX('Baseline & Fatigue Flags (2)'!$D$2:$D$19, MATCH($B$2,'Baseline & Fatigue Flags (2)'!$A$2:$A$19,0)+4),"") -> 1.4652455 | O4: =IFERROR(INDEX('Baseline & Fatigue Flags (2)'!$D$2:$D$19, MATCH($B$2,'Baseline & Fatigue Flags (2)'!$A$2:$A$19,0)+5),"") -> 50.62
J5: =IFERROR(C$2-J$2,"") -> -0.03 | K5: =IFERROR(D$2-K$2,"") -> -10.777778 | L5: =IFERROR(E$2-L$2,"") -> -0.74444444 | M5: =IFERROR(F$2-M$2,"") -> -1.9777778 | N5: =IFERROR(G$2-N$2,"") -> -2.7777778 | O5: =IFERROR(H$2-O$2,"") -> -67.222222
J6: =IFERROR((C$2-J$2)/J$4,"") -> -0.80579067 | K6: =IFERROR(((D$2-K$2)/K$4)*-1,"") -> 0.48666971 | L6: =IFERROR((E$2-L$2)/L$4,"") -> -0.36314363 | M6: =IFERROR((F$2-M$2)/M$4,"") -> -1.2937587 | N6: =IFERROR((G$2-N$2)/N$4,"") -> -1.8957763 | O6: =IFERROR((H$2-O$2)/O$4,"") -> -1.3279775
A7: Meaningful Change Flags | C7: =IFERROR(IF(AND(J$2<>0,ABS(J$5/J$2)>J$3),IF(J$5>0,"MEANINGFUL ↑","MEANINGFUL ↓"),"NORMAL"),"") -> NORMAL | D7: =IFERROR(IF(AND(K$2<>0,ABS(K$5/K$2)>K$3),IF(K$5>0,"MEANINGFUL ↑","MEANINGFUL ↓"),"NORMAL"),"") -> NORMAL | E7: =IFERROR(IF(AND(L$2<>0,ABS(L$5/L$2)>L$3),IF(L$5>0,"MEANINGFUL ↑","MEANINGFUL ↓"),"NORMAL"),"") -> NORMAL | F7: =IFERROR(IF(AND(M$2<>0,ABS(M$5/M$2)>M$3),IF(M$5>0,"MEANINGFUL ↑","MEANINGFUL ↓"),"NORMAL"),"") -> MEANINGFUL ↓ | G7: =IFERROR(IF(AND(N$2<>0,ABS(N$5/N$2)>N$3),IF(N$5>0,"MEANINGFUL ↑","MEANINGFUL ↓"),"NORMAL"),"") -> MEANINGFUL ↓ | H7: =IFERROR(IF(AND(O$2<>0,ABS(O$5/O$2)>O$3),IF(O$5>0,"MEANINGFUL ↑","MEANINGFUL ↓"),"NORMAL"),"") -> MEANINGFUL ↓
A14: Individual Z Scores | C14: =IFERROR(J$6,"") -> -0.80579067 | D14: =IFERROR(K$6,"") -> 0.48666971 | E14: =IFERROR(L$6,"") -> -0.36314363 | F14: =IFERROR(M$6,"") -> -1.2937587 | G14: =IFERROR(N$6,"") -> -1.8957763 | H14: =IFERROR(O$6,"") -> -1.3279775
A23: Composite Z Score | C23: =IFERROR(AVERAGE(J6:O6),"") -> -0.86662953
